﻿{
   "*back": {
      "attrib": [
         ""
      ],
      "id": -1,
      "image": "lib\\imgs\\cardbakc.png",
      "name": "back"
   },
   "*blank": {
      "attrib": [
         ""
      ],
      "desc": "Error 404: Card not found",
      "id": 0,
      "image": "lib\\imgs\\zzimg_not_found.png",
      "lore": "Have you tried turning it off/on again?",
      "name": "blank",
      "type": "*anry fish noizez*"
   },
   "Alchemical Studies": {
      "attrib": [
         ""
      ],
      "desc": "Draw three cards from the deck.",
      "id": 1159345,
      "image": "lib\\imgs\\alchemical study.jpg",
      "lore": "SCIENCE!",
      "name": "Alchemical Studies",
      "type": "Magic"
   },
   "Assassin": {
      "attrib": [
         "attack"
      ],
      "desc": "Select one random person card from opponent's hand to discard.",
      "id": 2381162,
      "image": "lib\\imgs\\assassin.jpg",
      "lore": "Removes inconvenient people.",
      "name": "Assassin",
      "type": "Person"
   },
   "Ballista": {
      "attrib": [
         "block_-magic"
      ],
      "desc": "Block one non-magic attack",
      "id": 8867156,
      "image": "lib\\imgs\\basllista.jpg",
      "lore": "\"Thats a BIG spear!\"",
      "name": "Ballista",
      "type": "Machine"
   },
   "Bandit": {
      "attrib": [
         "attack"
      ],
      "desc": "Take one random person card from opponent's hand to keep in hand.",
      "id": 8533712,
      "image": "lib\\imgs\\bandit.jpg",
      "lore": "Trained in the art of thievery",
      "name": "Bandit",
      "type": "Person"
   },
   "Battering Ram": {
      "attrib": [
         "attack"
      ],
      "desc": "Discard one Level-3 Building",
      "id": 4893231,
      "image": "lib\\imgs\\battering ram.jpg",
      "lore": "One way to open a door",
      "name": "Battering Ram",
      "type": "Machine"
   },
   "Blasting Spell": {
      "attrib": [
         "attack"
      ],
      "desc": "All opponent's cards in play return to their hand.",
      "id": 2459867,
      "image": "lib\\imgs\\blasting spell.jpg",
      "lore": "A wave of blue energy washed away their industry.",
      "name": "Blasting Spell",
      "type": "Magic"
   },
   "Castle": {
      "attrib": [
         "protect"
      ],
      "desc": "Protect up to 3 Person cards",
      "id": 3444743,
      "image": "lib\\imgs\\castle.jpeg",
      "lore": "Walls of stone, house and home",
      "name": "Castle",
      "type": "Level-3 Building"
   },
   "Castle Guard": {
      "attrib": [
         "block_+machine"
      ],
      "desc": "Block any machine attack or put in play under a castle",
      "id": 861716,
      "image": "lib\\imgs\\astleguard.png",
      "lore": "The brave defenders of the walls",
      "name": "Castle Guard",
      "type": "Person"
   },
   "Catapult": {
      "attrib": [
         "attack"
      ],
      "desc": "Discard one protected person and discard the Building if no people remain.",
      "id": 7260831,
      "image": "lib\\imgs\\catappult.png",
      "lore": "The black clouds started to rain rocks on the castle below.",
      "name": "Catapult",
      "type": "Machine"
   },
   "Chandrian": {
      "attrib": [
         "attack"
      ],
      "desc": "Block one machine attack or discard any one building",
      "id": 606598,
      "image": "lib\\imgs\\chandrian.jpeg",
      "lore": "Demon of decay and destruction",
      "name": "Chandrian",
      "type": "Beast"
   },
   "Craggy Peak": {
      "attrib": [
         "protect"
      ],
      "desc": "Allow up to four Beast cards to be put in play s a colony by protecting them.",
      "id": 8268248,
      "image": "lib\\imgs\\craggy peak.jpg",
      "lore": "A unique habitat for unique predators",
      "name": "Craggy Peak",
      "type": "Level-4 Building"
   },
   "Cursed Fire": {
      "attrib": [
         "attack"
      ],
      "desc": "Discard one Building and anything under it.",
      "id": 4263206,
      "image": "lib\\imgs\\cursed fire.jpg",
      "lore": "The scariest kind of fire.",
      "name": "Cursed Fire",
      "type": "Magic"
   },
   "Dragon Fire": {
      "attrib": [
         "attack"
      ],
      "desc": "Discard any one card in play",
      "id": 5110547,
      "image": "lib\\imgs\\dragon fire.jpeg",
      "lore": "The second scariest type of fire",
      "name": "Dragon Fire",
      "type": "Beast"
   },
   "Dragon Protector": {
      "attrib": [
         "save_+building"
      ],
      "desc": "Block any one attack that would discard a building.",
      "id": 4281421,
      "image": "lib\\imgs\\dragon protector.png",
      "lore": "Many rural villages 'ave adopted dragon patrons.",
      "name": "Dragon Protector",
      "type": "Beast"
   },
   "Earthquake": {
      "desc": "Discard all of your buildings in play.",
      "id": 3767822,
      "image": "C:\\OneDrive - Personal\\OneDrive\\Desktop\\Coding\\AutoHotkey\\Socketted\\Socket_ahk2-master\\lib\\imgs\\earth.jpg",
      "lore": "Even the ground trembles in fear",
      "name": "Earthquake",
      "type": "Event"
   },
   "Elemental Guardian": {
      "attrib": [
         "block_+event"
      ],
      "desc": "Stop the effects of an event card",
      "id": 3247105,
      "image": "lib\\imgs\\elemental guard.jpg",
      "lore": "Mysterious constructs of nature",
      "name": "Elemental Guardian",
      "type": "Magic"
   },
   "Enchanted Forest": {
      "attrib": [
         "protect"
      ],
      "desc": "Allow up to one Beast cards to be put in play s a colony by protecting them.",
      "id": 7909471,
      "image": "lib\\imgs\\enchanted forest.jpg",
      "lore": "The forest protects its own",
      "name": "Enchanted Forest",
      "type": "Level-2 Building"
   },
   "Flood": {
      "attrib": [
         ""
      ],
      "desc": "Shuffle all unprotected person cards back into the deck",
      "id": 4024679,
      "image": "lib\\imgs\\flood.jpg",
      "lore": "None can withstand the wall of water",
      "name": "Flood",
      "type": "Event"
   },
   "Foot Soldier": {
      "attrib": [
         "attack",
         "save_+person"
      ],
      "desc": "Discard one unprotected person or stop two people from being discarded.",
      "id": 1707881,
      "image": "lib\\imgs\\foot soldier.jpg",
      "lore": "Loyal conscripts",
      "name": "Foot Soldier",
      "type": "Person"
   },
   "Fortress": {
      "attrib": [
         "protect"
      ],
      "desc": "Protect up to 4 Person cards",
      "id": 2235138,
      "image": "lib\\imgs\\fortress.jpeg",
      "lore": "A show of the might of the kingdom",
      "name": "Fortress",
      "type": "Level-4 Building"
   },
   "Giant Clam": {
      "attrib": [
         "protect"
      ],
      "desc": "Protect up to two person cards.\r\nOnly Unicorns or cards that can target any card in play can remove it from play.",
      "id": 1504956,
      "image": "lib\\imgs\\giant clam.jpeg",
      "lore": "<GIANT CLAM>",
      "name": "Giant Clam",
      "type": "Beast"
   },
   "Greedy Dragon": {
      "attrib": [
         "attack"
      ],
      "desc": "Draw five cards from the deck and to cards from opponent's hand.\r\nDiscard you hand at the end of your turn.",
      "id": 3318496,
      "image": "lib\\imgs\\greedydragon.png",
      "lore": "Waste follows want.",
      "name": "Greedy Dragon",
      "type": "Beast"
   },
   "Guard": {
      "attrib": [
         "block_+person"
      ],
      "desc": "Block any one perosn attack",
      "id": 1943480,
      "image": "lib\\imgs\\guard.jpg",
      "lore": "No one is getting throguh that door.",
      "name": "Guard",
      "type": "Person"
   },
   "Hut": {
      "attrib": [
         "protect"
      ],
      "desc": "Protect one Person card",
      "id": 8103161,
      "image": "lib\\imgs\\hut.png",
      "lore": "A lonely house",
      "name": "Hut",
      "type": "Level-1 Building"
   },
   "Jeweled Dragon": {
      "attrib": [
         "attack"
      ],
      "desc": "Discard your hand and take opponent's hand",
      "id": 5282442,
      "image": "lib\\imgs\\jeweled dragon.png",
      "lore": "A dragon can never have too much treasure",
      "name": "Jeweled Dragon",
      "type": "Beast"
   },
   "Knight": {
      "attrib": [
         "attack"
      ],
      "desc": "Can be put in play\r\nor\r\nDiscard two unprotected people",
      "id": 7514481,
      "image": "lib\\imgs\\knight.jpg",
      "lore": "Molded by battle",
      "name": "Knight",
      "type": "Person"
   },
   "Mage Attack": {
      "attrib": [
         "attack"
      ],
      "desc": "discard one unprotected person",
      "id": 9912550,
      "image": "lib\\imgs\\mage attack.jpg",
      "lore": "An elegant weapon",
      "name": "Mage Attack",
      "type": "Magic"
   },
   "Magic Shield": {
      "attrib": [
         "block"
      ],
      "desc": "Block any one attack.",
      "id": 1801371,
      "image": "lib\\imgs\\magic shield.jpg",
      "lore": "Blue",
      "name": "Magic Shield",
      "type": "Magic"
   },
   "Marauding Giant": {
      "desc": "Attack one Level-1 or 2 building. Any protectees go into your hand.",
      "id": 3042551,
      "image": "C:\\OneDrive - Personal\\OneDrive\\Desktop\\Coding\\AutoHotkey\\Socketted\\Socket_ahk2-master\\lib\\imgs\\marauding giant.jpg",
      "lore": "He'll steal yo girl",
      "name": "Marauding Giant",
      "type": "Beast",
      "attrib": [
         "attack"
      ]
   },
   "Necromancer": {
      "attrib": [
         ""
      ],
      "desc": "Shuffle the discard pile back into the deck.",
      "id": 5322054,
      "image": "lib\\imgs\\necromancer.jpg",
      "lore": "The dead rise again!",
      "name": "Necromancer",
      "type": "Magic"
   },
   "Old Wise Man": {
      "attrib": [
         "wise"
      ],
      "desc": "Can be put in play.\r\nImmune to all but magic attacks.",
      "id": 378170,
      "image": "lib\\imgs\\old wise man.jpg",
      "lore": "Wisdom prevails.",
      "name": "Old Wise Man",
      "type": "Person"
   },
   "Peasant": {
      "attrib": [
         ""
      ],
      "desc": "Can be put in play.",
      "id": 4746989,
      "image": "lib\\imgs\\peasant.png",
      "lore": "*cough* poor! *cough*",
      "name": "Peasant",
      "type": "Person"
   },
   "Plague": {
      "attrib": [
         ""
      ],
      "desc": "Discard all person cards in your hand",
      "id": 8051397,
      "image": "lib\\imgs\\plague.jpg",
      "lore": "Disease is silent but deadly",
      "name": "Plague",
      "type": "Event"
   },
   "Princess": {
      "attrib": [
         "traitor"
      ],
      "desc": "Can be put in play.\r\nWhen attacked, goes to attackers hand instead of being discarded.",
      "id": 8229276,
      "image": "lib\\imgs\\princess.jpg",
      "lore": "Power = Life",
      "name": "Princess",
      "type": "Person"
   },
   "Rampaging Dragon": {
      "attrib": [
         ""
      ],
      "desc": "Discard up to three cards from your hand and draw that many cards from the deck.",
      "id": 3825175,
      "image": "lib\\imgs\\rampagingragon.png",
      "lore": "There's a reaso the land around the mountains are barren.",
      "name": "Rampaging Dragon",
      "type": "Beast"
   },
   "Rich Lord": {
      "attrib": [
         ""
      ],
      "desc": "Can be put in play. Does not require a building to conquer.",
      "id": 1271150,
      "image": "lib\\imgs\\rich lord.jpg",
      "lore": "Money + Land = Power",
      "name": "Rich Lord",
      "type": "Person"
   },
   "Royal Soldier": {
      "attrib": [
         "attack",
         "save_+person"
      ],
      "desc": "Discard up to two unprotected people or stop one person from being discarded or discard a building with level equal to the number of royal soldiers attacking.",
      "id": 2707497,
      "image": "lib\\imgs\\royal guard.jpg",
      "lore": "The elite force of the kingdom",
      "name": "Royal Soldier",
      "type": "Person"
   },
   "Scout": {
      "attrib": [
         ""
      ],
      "desc": "Look at opponent's hand",
      "id": 7636712,
      "image": "lib\\imgs\\scout.jpg",
      "lore": "Recon activated.",
      "name": "Scout",
      "type": "Person"
   },
   "Scrying Orb": {
      "attrib": [
         ""
      ],
      "desc": "View and arrange the top three cards of the deck",
      "id": 5353910,
      "image": "lib\\imgs\\scring orb.jpg",
      "lore": "Stare into the swirling depths",
      "name": "Scrying Orb",
      "type": "Magic"
   },
   "Summoning Spell": {
      "attrib": [
         ""
      ],
      "desc": "Draw one card.",
      "id": 6899717,
      "image": "lib\\imgs\\summoning spell.jpg",
      "lore": "Magic posting.",
      "name": "Summoning Spell",
      "type": "Magic"
   },
   "Troll": {
      "attrib": [
         "attack"
      ],
      "desc": "Discard one Level-1 Building",
      "id": 7795469,
      "image": "lib\\imgs\\troll.jpg",
      "lore": "Half-rock half-beast, no brains",
      "name": "Troll",
      "type": "Beast"
   },
   "Unicorn": {
      "attrib": [
         "attack",
         "block_+beast,+magic"
      ],
      "desc": "Block one Beast attack or Magic attack. Can discard a Giant Clam in play.",
      "id": 5928313,
      "image": "lib\\imgs\\unicorn.jpg",
      "lore": "A beautiful creature of pure good",
      "name": "Unicorn",
      "type": "Beast"
   },
   "Village": {
      "attrib": [
         "protect"
      ],
      "desc": "Protect up to two Person cards",
      "id": 3877674,
      "image": "lib\\imgs\\village.jpeg",
      "lore": "Small, close-knit communities",
      "name": "Village",
      "type": "Level-2 Building"
   },
   "amogus": {
      "attrib": [
         ""
      ],
      "desc": "a susy little boy",
      "id": 1,
      "image": "lib\\imgs\\amogus.PNG",
      "lore": "what the dog doin?",
      "name": "amogus",
      "type": "Person"
   },
   "attrib": [
      ""
   ],
   "blob": {
      "attrib": [
         ""
      ],
      "desc": "absorbs enemy",
      "id": 3,
      "image": "lib\\imgs\\blob.PNG",
      "lore": "wiggle wiggle wiggle",
      "name": "blob",
      "type": "Person"
   },
   "candace": {
      "attrib": [
         ""
      ],
      "desc": "busts you",
      "id": 4,
      "image": "lib\\imgs\\candace.PNG",
      "lore": "\"Mo-om!\"",
      "name": "candace",
      "type": "Person"
   },
   "cat": {
      "attrib": [
         ""
      ],
      "desc": "send opponent to the shadow realm",
      "id": 5,
      "image": "lib\\imgs\\cat.PNG",
      "lore": "*meow* (menacing)",
      "name": "cat",
      "type": "Person"
   },
   "chikn": {
      "attrib": [
         ""
      ],
      "desc": "will peck opponents into dust",
      "id": 2,
      "image": "lib\\imgs\\chikn.PNG",
      "lore": "he screm",
      "name": "chikn",
      "type": "Person"
   },
   "corpse": {
      "attrib": [
         ""
      ],
      "desc": "fly this anywhere on the field",
      "id": 6,
      "image": "lib\\imgs\\corpse.PNG",
      "lore": "majestic",
      "name": "corpse",
      "type": "Person"
   },
   "dragon": {
      "attrib": [
         ""
      ],
      "desc": "destory any one card in play",
      "id": 7,
      "image": "lib\\imgs\\dragon.PNG",
      "lore": "favorite snack: cookies",
      "name": "dragon",
      "type": "Person"
   },
   "earlysup": {
      "attrib": [
         ""
      ],
      "desc": "this card always in your starting hand",
      "id": 8,
      "image": "lib\\imgs\\earlysup.PNG",
      "lore": "founding member!",
      "name": "earlysup",
      "type": "Person"
   },
   "elgato": {
      "attrib": [
         ""
      ],
      "desc": "boosts one other card in play with the power of emotional support",
      "id": 9,
      "image": "lib\\imgs\\elgato.PNG",
      "lore": "*wipes tear* look at him :)",
      "name": "elgato",
      "type": "Person"
   },
   "eye": {
      "attrib": [
         ""
      ],
      "desc": "see opponent's hand",
      "id": 10,
      "image": "lib\\imgs\\eye.PNG",
      "lore": "always watching",
      "name": "eye",
      "type": "Magic"
   },
   "frog": {
      "attrib": [
         ""
      ],
      "desc": "move forward one space each turn",
      "id": 11,
      "image": "lib\\imgs\\frog.PNG",
      "lore": "hibbity hoppity your colony is now my property",
      "name": "frog",
      "type": "Person"
   },
   "gun": {
      "attrib": [
         ""
      ],
      "desc": "WHAT DO YOU THINK",
      "id": 12,
      "image": "lib\\imgs\\gun.PNG",
      "lore": "BIG #&^$ING GUN!!!",
      "name": "gun",
      "type": "Machine"
   },
   "heybro": {
      "attrib": [
         ""
      ],
      "desc": "take one of opponent's cards",
      "id": 13,
      "image": "lib\\imgs\\heybro.PNG",
      "lore": "hey bro!",
      "name": "heybro",
      "type": "Person"
   },
   "me": {
      "attrib": [
         ""
      ],
      "desc": "How did I get here?",
      "id": 14,
      "image": "lib\\imgs\\me.jpg",
      "lore": "Please send help!",
      "name": "me",
      "type": "Person"
   },
   "susguy": {
      "attrib": [
         ""
      ],
      "desc": "put any in-play card in your hand",
      "id": 15,
      "image": "lib\\imgs\\susguy.PNG",
      "lore": "do not let this man near children",
      "name": "susguy",
      "type": "Person"
   }
}